[14/Jun/2021 10:44:14] DEBUG [users:45] 25,2365,19
[14/Jun/2021 10:44:17] DEBUG [users:45] 73,396,89
[14/Jun/2021 10:44:20] DEBUG [users:45] 166,1404,99
[14/Jun/2021 10:44:23] DEBUG [users:45] 30,2336,91
[14/Jun/2021 10:44:26] DEBUG [users:45] 136,848,70
[14/Jun/2021 10:44:29] DEBUG [users:45] 31,1313,33
[14/Jun/2021 10:44:32] DEBUG [users:45] 176,2817,30
[14/Jun/2021 10:44:35] DEBUG [users:45] 154,1408,49
[14/Jun/2021 10:44:38] DEBUG [users:45] 136,1650,82
[14/Jun/2021 10:44:41] DEBUG [users:45] 3,2656,38
[14/Jun/2021 10:44:44] DEBUG [users:45] 124,1724,64
[14/Jun/2021 10:44:47] DEBUG [users:45] 63,650,20
[14/Jun/2021 10:44:50] DEBUG [users:45] 24,725,28
[14/Jun/2021 10:44:53] DEBUG [users:45] 165,1341,67
[14/Jun/2021 10:44:56] DEBUG [users:45] 32,1572,93
[14/Jun/2021 10:44:59] DEBUG [users:45] 134,1087,45
[14/Jun/2021 10:45:02] DEBUG [users:45] 100,1335,37
[14/Jun/2021 10:45:05] DEBUG [users:45] 18,457,66
[14/Jun/2021 10:45:08] DEBUG [users:45] 4,155,45
[14/Jun/2021 10:45:11] DEBUG [users:45] 14,1239,65
[14/Jun/2021 10:45:14] DEBUG [users:45] 117,2204,43
[14/Jun/2021 10:45:17] DEBUG [users:45] 191,339,34
[14/Jun/2021 10:45:20] DEBUG [users:45] 133,1683,42
[14/Jun/2021 10:45:23] DEBUG [users:45] 67,378,82
[14/Jun/2021 10:45:26] DEBUG [users:45] 171,719,31
[14/Jun/2021 10:45:29] DEBUG [users:45] 122,381,45
[14/Jun/2021 10:45:32] DEBUG [users:45] 121,2687,88
[14/Jun/2021 10:45:35] DEBUG [users:45] 160,914,22
[14/Jun/2021 10:45:38] DEBUG [users:45] 62,573,90
[14/Jun/2021 10:45:41] DEBUG [users:45] 177,129,54
[14/Jun/2021 10:45:44] DEBUG [users:45] 81,2552,45
[14/Jun/2021 10:45:47] DEBUG [users:45] 164,2946,25
[14/Jun/2021 10:45:50] DEBUG [users:45] 82,634,99
[14/Jun/2021 10:45:53] DEBUG [users:45] 34,242,84
[14/Jun/2021 10:45:56] DEBUG [users:45] 125,1371,37
[14/Jun/2021 10:45:59] DEBUG [users:45] 175,2957,37
[14/Jun/2021 10:46:02] DEBUG [users:45] 105,1240,9
[14/Jun/2021 10:46:05] DEBUG [users:45] 153,444,26
[14/Jun/2021 10:46:08] DEBUG [users:45] 83,598,66
[14/Jun/2021 10:46:11] DEBUG [users:45] 29,2199,88
[14/Jun/2021 10:46:14] DEBUG [users:45] 107,2428,3
[14/Jun/2021 10:46:17] DEBUG [users:45] 68,1698,53
[14/Jun/2021 10:46:20] DEBUG [users:45] 66,1219,3
[14/Jun/2021 10:46:23] DEBUG [users:45] 72,2493,5
[14/Jun/2021 10:46:26] DEBUG [users:45] 23,77,96
[14/Jun/2021 10:46:29] DEBUG [users:45] 191,453,85
[14/Jun/2021 10:46:32] DEBUG [users:45] 199,501,25
[14/Jun/2021 10:46:35] DEBUG [users:45] 67,329,52
[14/Jun/2021 10:46:38] DEBUG [users:45] 174,2433,38
[14/Jun/2021 10:46:41] DEBUG [users:45] 199,1765,73
[14/Jun/2021 10:46:44] DEBUG [users:45] 176,855,90
[14/Jun/2021 10:46:47] DEBUG [users:45] 69,931,73
[14/Jun/2021 10:46:50] DEBUG [users:45] 25,2051,21
[14/Jun/2021 10:46:53] DEBUG [users:45] 104,2078,57
[14/Jun/2021 10:46:56] DEBUG [users:45] 102,879,74
[14/Jun/2021 10:46:59] DEBUG [users:45] 46,1816,9
[14/Jun/2021 10:47:02] DEBUG [users:45] 33,1698,19
[14/Jun/2021 10:47:05] DEBUG [users:45] 191,890,57
[14/Jun/2021 10:47:08] DEBUG [users:45] 96,143,49
[14/Jun/2021 10:47:11] DEBUG [users:45] 55,80,12
[14/Jun/2021 10:47:14] DEBUG [users:45] 31,2185,78
[14/Jun/2021 10:47:17] DEBUG [users:45] 157,201,63
[14/Jun/2021 10:47:20] DEBUG [users:45] 160,1672,84
[14/Jun/2021 10:47:23] DEBUG [users:45] 169,2975,35
[14/Jun/2021 10:47:26] DEBUG [users:45] 81,2195,29
[14/Jun/2021 10:47:29] DEBUG [users:45] 138,359,55
[14/Jun/2021 10:47:32] DEBUG [users:45] 123,349,40
[14/Jun/2021 10:47:35] DEBUG [users:45] 130,934,18
[14/Jun/2021 10:47:38] DEBUG [users:45] 36,1542,80
[14/Jun/2021 10:47:41] DEBUG [users:45] 90,819,88
[14/Jun/2021 10:47:44] DEBUG [users:45] 144,2813,9
[14/Jun/2021 10:47:47] DEBUG [users:45] 12,2413,27
2021-06-14-11-14-34,98,2444,66
2021-06-14-11-14-37,96,2639,95
2021-06-14-11-14-40,100,445,42
2021-06-14-11-14-43,24,976,4
2021-06-14-11-14-46,86,80,79
2021-06-14-11-14-49,44,1005,0
2021-06-14-11-14-52,79,265,22
2021-06-14-11-14-55,41,449,89
2021-06-14-11-14-58,23,842,20
2021-06-14-11-15-01,133,546,3
2021-06-14-11-15-04,128,432,70
2021-06-14-11-15-07,132,2696,66
2021-06-14-11-15-10,163,1892,59
2021-06-14-11-15-13,89,973,3
2021-06-14-11-15-16,37,940,96
2021-06-14-11-15-19,169,1283,66
2021-06-14-11-15-22,29,2345,30
2021-06-14-11-15-25,52,1714,88
2021-06-14-11-15-28,96,1051,56
2021-06-14-11-15-31,198,2354,57
2021-06-14-11-15-34,37,2155,77
2021-06-14-11-15-37,139,2152,75
2021-06-14-11-15-40,133,1666,88
2021-06-14-11-15-43,47,2000,80
2021-06-14-11-15-46,33,1072,82
2021-06-14-11-15-49,161,1988,58
2021-06-14-11-15-52,59,2377,15
2021-06-14-11-15-55,140,2110,13
2021-06-14-11-15-58,92,1880,28
2021-06-14-11-16-01,42,1495,46
2021-06-14-11-16-04,102,212,13
2021-06-14-11-16-07,19,1897,6
2021-06-14-11-16-10,174,1128,96
2021-06-14-11-16-13,154,857,79
2021-06-14-11-16-17,41,2298,78
2021-06-14-11-16-20,191,2169,76
2021-06-14-11-16-23,104,488,50
2021-06-14-11-16-26,66,2601,21
2021-06-14-11-16-29,96,590,92
2021-06-14-11-16-32,106,1761,53
2021-06-14-11-16-35,187,1626,14
2021-06-14-11-16-38,139,2962,2
2021-06-14-11-16-41,72,1711,82
2021-06-14-11-16-44,118,1135,31
2021-06-14-11-16-47,181,419,91
2021-06-14-11-16-50,189,1539,10
2021-06-14-11-16-53,148,2284,21
2021-06-14-11-16-56,20,1618,84
2021-06-14-11-16-59,63,2990,57
2021-06-14-11-17-02,164,2679,78
2021-06-14-11-17-05,159,540,67
2021-06-14-11-17-08,75,2550,2
2021-06-14-11-17-11,124,2408,41
2021-06-14-11-17-14,25,2801,24
2021-06-14-11-17-17,101,772,94
2021-06-14-11-17-20,139,289,25
2021-06-14-11-17-23,9,1973,39
2021-06-14-11-17-26,110,405,81
2021-06-14-11-17-29,107,2797,99
2021-06-14-11-17-32,72,46,33
2021-06-14-11-17-35,12,1625,47
2021-06-14-11-17-38,200,1871,6
2021-06-14-11-17-41,82,2453,75
2021-06-14-11-17-44,56,2206,39
2021-06-14-11-17-47,181,1742,98
2021-06-14-11-17-50,166,2439,19
2021-06-14-11-17-53,117,2404,5
2021-06-14-11-17-56,75,2990,75
2021-06-14-11-17-59,144,509,17
2021-06-14-11-18-02,88,528,2
2021-06-14-11-18-05,10,2952,0
2021-06-14-11-18-08,171,683,8
2021-06-14-11-18-11,109,996,84
2021-06-14-11-18-14,78,2746,13
2021-06-14-11-18-17,166,811,73
2021-06-14-11-18-20,120,2376,2
2021-06-14-11-18-23,180,1055,31
2021-06-14-11-18-26,97,15,85
2021-06-14-11-18-29,89,1986,52
2021-06-14-11-18-32,123,307,63
2021-06-14-11-18-35,178,2893,2
2021-06-14-11-18-38,82,1163,90
2021-06-14-11-18-41,79,1607,27
2021-06-14-11-18-44,157,2560,10
2021-06-14-11-18-47,5,245,96
2021-06-14-11-18-50,188,2175,90
2021-06-14-11-18-53,51,1966,24
2021-06-14-11-18-56,54,1756,16
2021-06-14-11-18-59,158,727,44
2021-06-14-11-19-02,73,568,5
2021-06-14-11-19-05,104,1144,52
2021-06-14-11-19-08,85,2828,82
2021-06-14-11-19-11,155,66,58
2021-06-14-11-19-14,32,492,50
2021-06-14-11-19-17,112,2019,17
2021-06-14-11-19-20,2,430,26
2021-06-14-11-19-23,83,1754,84
2021-06-14-11-19-26,10,2124,78
2021-06-14-11-19-29,95,1465,100
2021-06-14-11-19-32,200,1224,0
2021-06-14-11-19-35,80,2387,21
2021-06-14-11-19-38,91,1262,79
2021-06-14-11-19-41,61,1336,37
2021-06-14-11-19-44,65,956,39
2021-06-14-11-19-47,65,78,7
2021-06-14-11-19-50,96,996,91
2021-06-14-11-19-53,73,2081,100
2021-06-14-11-19-56,23,111,100
2021-06-14-11-19-59,115,336,96
2021-06-14-11-20-02,43,925,60
2021-06-14-11-20-05,160,2444,53
2021-06-14-11-20-08,134,1291,9
2021-06-14-11-20-11,198,941,84
2021-06-14-11-20-14,111,2191,6
2021-06-14-11-20-17,144,2992,47
2021-06-14-11-20-20,7,2995,47
2021-06-14-11-20-23,141,623,60
2021-06-14-11-20-26,99,2205,42
2021-06-14-11-20-29,4,2944,54
2021-06-14-11-20-32,9,1894,90
2021-06-14-11-20-35,141,1673,16
